{
  "oldParams": true,
  "wave_type": 1,
  "p_env_attack": -0.14542056717890126,
  "p_env_sustain": 0.33157356721061887,
  "p_env_punch": 0.06582773121848846,
  "p_env_decay": 0.8795592733019779,
  "p_base_freq": 0.33,
  "p_freq_limit": 0,
  "p_freq_ramp": -0.373,
  "p_freq_dramp": 0.556,
  "p_vib_strength": -0.7251915064321789,
  "p_vib_speed": -0.9860695028332196,
  "p_arp_mod": -0.07981263779780878,
  "p_arp_speed": 0.07090145019250116,
  "p_duty": -0.5909496072895162,
  "p_duty_ramp": 0.05838356443332068,
  "p_repeat_speed": -0.09039443614732567,
  "p_pha_offset": 0.7472511264612112,
  "p_pha_ramp": 0.13120756563047306,
  "p_lpf_freq": 0.565001790391839,
  "p_lpf_ramp": -0.5337711756983198,
  "p_lpf_resonance": -0.4275856206229727,
  "p_hpf_freq": 0.03867947230274571,
  "p_hpf_ramp": 0.19870761083948105,
  "sound_vol": 0.25,
  "sample_rate": 44100,
  "sample_size": 8
}