{
  "oldParams": true,
  "wave_type": 3,
  "p_env_attack": 0.1765536173268401,
  "p_env_sustain": 0.1967783691576998,
  "p_env_punch": 0.023880226790317375,
  "p_env_decay": 0.9585211783166366,
  "p_base_freq": 0.989269497598322,
  "p_freq_limit": 0,
  "p_freq_ramp": -0.17666665351581648,
  "p_freq_dramp": 0.19705965871735717,
  "p_vib_strength": -0.23326211320060833,
  "p_vib_speed": 0.19954061655275052,
  "p_arp_mod": -0.8208836064782822,
  "p_arp_speed": 0.6499840838619011,
  "p_duty": -0.9349185647441411,
  "p_duty_ramp": 0.03881432827614795,
  "p_repeat_speed": -0.9183606212415231,
  "p_pha_offset": -0.06651919526648996,
  "p_pha_ramp": -0.616624375389143,
  "p_lpf_freq": 0.6719516454254801,
  "p_lpf_ramp": -1.1427062910580552,
  "p_lpf_resonance": -0.7400058038317474,
  "p_hpf_freq": 0.012600135648839494,
  "p_hpf_ramp": -0.040635349827759126,
  "sound_vol": 0.25,
  "sample_rate": 44100,
  "sample_size": 8,
  "p_vib_delay": null
}